<?xml version="1.0" encoding="UTF-8" ?>
<extension type="plugin" version="2.5" method="upgrade" group="vmpayment">
    <name>SN_VIRTUEMART</name>
    <author>JOOMI.IR IT Group</author>
	<creationDate>August 2015</creationDate>
	<copyright>Copyright (C) 2011-2015 GavickPro. All rights reserved.</copyright>
	<license>GNU General Public License version 2 or later</license>
	<authorEmail>info@joomi.ir</authorEmail>
	<authorUrl>www.joomi.ir</authorUrl>
	<version>1.0.0</version>
	<description>SN_VIRTUEMART_DESCRIPTION</description>
	
	<scriptfile>script.php</scriptfile>
	
    <files>
		<filename plugin="sn_virtuemart">sn_virtuemart.php</filename>
		<filename>sn_virtuemart.xml</filename>
		<filename>script.php</filename>
		<filename>index.html</filename>
		<folder>libraries</folder>
		<folder>layout</folder>
	</files>

	<languages>
		<language tag="fa-IR">language/fa-IR/fa-IR.plg_vmpayment_sn_virtuemart.ini</language>
		<language tag="fa-IR">language/fa-IR/fa-IR.plg_vmpayment_sn_virtuemart.sys.ini</language>
		<language tag="en-GB">language/en-GB/en-GB.plg_vmpayment_sn_virtuemart.ini</language>
		<language tag="en-GB">language/en-GB/en-GB.plg_vmpayment_sn_virtuemart.sys.ini</language>
	</languages>

	<vmconfig>
		<fields name="params">

			<fieldset name="sn_params">
				<field name="sn_pin" type="text" default="" label="SN_FIELD_PIN" description="SN_FIELD_PIN_DESC"/>
				<field name="sn_currency" type="list" default="1" label="SN_FIELD_CURRENCY" description="SN_FIELD_CURRENCY_DESC">
					<option value="0">SN_FIELD_CURRENCY_TOMAN</option>
					<option value="1">SN_FIELD_CURRENCY_RIAL</option>
				</field>
				<field name="sn_send_payer_info" type="list" default="1" label="SN_FIELD_SEND_PAYER_INFO" description="SN_FIELD_SEND_PAYER_INFO_DESC">
					<option value="1">SN_FIELD_ENABLE</option>
					<option value="0">SN_FIELD_DISABLE</option>
				</field>
			</fieldset>

			<fieldset name="payment" addfieldpath="/administrator/components/com_virtuemart/fields">
				<field name="status_pending" type="vmorderstate" scope="com_virtuemart" default="P" label="SN_VIRTUEMART_UNPAID_STATUS" description="SN_VIRTUEMART_UNPAID_STATUS_DESC"/>
				<field name="status_success" type="vmorderstate" scope="com_virtuemart" default="C" label="SN_VIRTUEMART_PAID_STATUS" description="SN_VIRTUEMART_PAID_STATUS_DESC"/>
			</fieldset>

			<fieldset name="template">
				<field name="payment_logos" type="vmfiles" multiple="true" scope="com_virtuemart" directory="/images/stories/virtuemart/payment" default="default" hide_default="1" hide_none="1" stripext="0" exclude="^_" size="40" label="SN_VIRTUEMART_LOGOS" description="SN_VIRTUEMART_LOGOS_DESC"/>
				<field name="payment_info" type="textarea" cols="35" rows="5" label="SN_VIRTUEMART_PAYMENTINFO" description="SN_VIRTUEMART_PAYMENTINFO_DESC"/>
			</fieldset>

			<fieldset name="restrictions" >
				<field name="min_amount" type="text" label="SN_VIRTUEMART_MIN_AMOUNT" description="SN_VIRTUEMART_MIN_AMOUNT_DESC"/>
				<field name="max_amount" type="text" label="SN_VIRTUEMART_MAX_AMOUNT" description="SN_VIRTUEMART_MAX_AMOUNT_DESC"/>
				<field name="countries" type="vmcountries" scope="com_virtuemart" default="" label="SN_VIRTUEMART_COUNTRIES" description="SN_VIRTUEMART_COUNTRIES_DESC"/>
			</fieldset>

			<fieldset name="fee">
				<field name="cost_per_transaction" type="text" label="SN_VIRTUEMART_COST_PER_TRANSACTION" description="SN_VIRTUEMART_COST_PER_TRANSACTION_DESC"/>
				<field name="cost_min_transaction" type="text" label="SN_VIRTUEMART_COST_MIN_TRANSACTION" description="SN_VIRTUEMART_COST_MIN_TRANSACTION_DESC"/>
				<field name="cost_percent_total" type="text" label="SN_VIRTUEMART_COST_PERCENT_TOTAL" description="SN_VIRTUEMART_COST_PERCENT_TOTAL_DESC"/>
				<field name="tax_id" type="vmtaxes" scope="com_virtuemart" label="SN_VIRTUEMART_TAX" description="SN_VIRTUEMART_TAX_DESC"/>
			</fieldset>

		</fields>
	</vmconfig>

</extension>
